kernel,transport,benchmark,repeat,MB_per_s,mean_rtt_us,ops_per_s
MOS,pipe,throughput,1,22064.091,,336671.307
MOS,pipe,throughput,2,23027.158,,351366.554
MOS,pipe,throughput,3,23008.388,,351080.138
MOS,pipe,latency,1,,1.303,767577.525
MOS,pipe,latency,2,,1.294,773036.487
MOS,pipe,latency,3,,1.338,747495.889
MOS,pipe,operations,1,198.389,,3099828.318
MOS,pipe,operations,2,197.947,,3092919.438
MOS,pipe,operations,3,198.339,,3099041.808
MOS,pair,throughput,1,25643.657,,391291.152
MOS,pair,throughput,2,26662.280,,406834.101
MOS,pair,throughput,3,26624.765,,406261.672
MOS,pair,latency,1,,1.554,643335.049
MOS,pair,latency,2,,1.480,675904.022
MOS,pair,latency,3,,1.480,675538.742
MOS,pair,operations,1,162.046,,2531971.298
MOS,pair,operations,2,163.186,,2549774.794
MOS,pair,operations,3,162.521,,2539383.502
MOS,named,throughput,1,26780.623,,408639.870
MOS,named,throughput,2,26865.808,,409939.696
MOS,named,throughput,3,26815.830,,409177.090
MOS,named,latency,1,,1.471,679855.871
MOS,named,latency,2,,1.468,681291.729
MOS,named,latency,3,,1.463,683340.167
MOS,named,operations,1,160.887,,2513858.427
MOS,named,operations,2,157.714,,2464274.576
MOS,named,operations,3,156.946,,2452276.898
Linux,pipe,throughput,1,8823.234,,134631.865
Linux,pipe,throughput,2,9299.966,,141906.226
Linux,pipe,throughput,3,9317.562,,142174.720
Linux,pipe,latency,1,,0.863,1159017.153
Linux,pipe,latency,2,,0.874,1143641.354
Linux,pipe,latency,3,,0.871,1148369.316
Linux,pipe,operations,1,112.396,,1756191.208
Linux,pipe,operations,2,124.488,,1945122.256
Linux,pipe,operations,3,282.418,,4412782.437
Linux,pair,throughput,1,21853.209,,333453.499
Linux,pair,throughput,2,21704.268,,331180.841
Linux,pair,throughput,3,21774.402,,332251.003
Linux,pair,latency,1,,1.307,765345.171
Linux,pair,latency,2,,1.418,705218.618
Linux,pair,latency,3,,1.111,899847.026
Linux,pair,operations,1,210.333,,3286445.496
Linux,pair,operations,2,204.925,,3201958.189
Linux,pair,operations,3,204.842,,3200662.325
Linux,named,throughput,1,21226.629,,323892.656
Linux,named,throughput,2,21222.304,,323826.657
Linux,named,throughput,3,21196.026,,323425.693
Linux,named,latency,1,,1.103,906700.517
Linux,named,latency,2,,1.092,916086.479
Linux,named,latency,3,,1.106,904159.132
Linux,named,operations,1,205.366,,3208846.983
Linux,named,operations,2,204.413,,3193952.786
Linux,named,operations,3,204.336,,3192752.761
