system,transport,benchmark,payload_bytes,bytes_or_roundtrips,repeat,seconds,MB_per_s,MiB_per_s,roundtrips_per_s,mean_rtt_us,write_ops,ops_per_s
MOS,pipe,throughput,65536,13535805440,1,2.000044,6767.754,6454.233,,,206540,103267.728
MOS,pipe,throughput,65536,13773045760,2,2.000034,6886.406,6567.388,,,210160,105078.214
MOS,pipe,throughput,65536,13842251776,3,2.000042,6920.981,6600.361,,,211216,105605.782
MOS,pipe,latency,64,10000,1,0.077075,,,129743.756,7.707,10000,129743.756
MOS,pipe,latency,64,10000,2,0.077131,,,129649.557,7.713,10000,129649.557
MOS,pipe,latency,64,10000,3,0.077423,,,129160.585,7.742,10000,129160.585
MOS,pipe,operations,64,156745728,1,1.000150,156.722,149.462,,,2449152,2448784.682
MOS,pipe,operations,64,165347328,2,1.000062,165.337,157.678,,,2583552,2583391.830
MOS,pipe,operations,64,165543936,3,1.000114,165.525,157.857,,,2586624,2586329.158
MOS,pair,throughput,65536,28268036096,1,2.000066,14133.552,13478.805,,,431336,215660.883
MOS,pair,throughput,65536,28508422144,2,2.000066,14253.741,13593.426,,,435004,217494.823
MOS,pair,throughput,65536,28409856000,3,2.000065,14204.466,13546.435,,,433500,216742.956
MOS,pair,latency,64,10000,1,0.078883,,,126770.026,7.888,10000,126770.026
MOS,pair,latency,64,10000,2,0.078448,,,127472.976,7.845,10000,127472.976
MOS,pair,latency,64,10000,3,0.077845,,,128460.402,7.785,10000,128460.402
MOS,pair,operations,64,149012480,1,1.000685,148.910,142.012,,,2328320,2326726.193
MOS,pair,operations,64,148963328,2,1.000675,148.863,141.967,,,2327552,2325981.962
MOS,pair,operations,64,150749184,3,1.000209,150.718,143.736,,,2355456,2354963.813
MOS,named,throughput,65536,29084352512,1,2.000059,14541.747,13868.091,,,443792,221889.454
MOS,named,throughput,65536,28968747008,2,2.000073,14483.845,13812.871,,,442028,221005.933
MOS,named,throughput,65536,28390195200,3,2.000073,14194.579,13537.006,,,433200,216592.094
MOS,named,latency,64,10000,1,0.077784,,,128561.144,7.778,10000,128561.144
MOS,named,latency,64,10000,2,0.078455,,,127461.602,7.846,10000,127461.602
MOS,named,latency,64,10000,3,0.078854,,,126816.648,7.885,10000,126816.648
MOS,named,operations,64,149536768,1,1.000402,149.477,142.552,,,2336512,2335573.100
MOS,named,operations,64,142376960,2,1.000459,142.312,135.719,,,2224640,2223619.359
MOS,named,operations,64,151322624,3,1.000291,151.279,144.271,,,2364416,2363728.155
Linux,pipe,throughput,65536,13827833856,1,2.000015,6913.865,6593.576,,,210996,105497.209
Linux,pipe,throughput,65536,13905952768,2,2.000015,6952.924,6630.825,,,212188,106093.204
Linux,pipe,throughput,65536,14642053120,3,2.000031,7320.913,6981.767,,,223420,111708.269
Linux,pipe,latency,64,10000,1,0.066991,,,149273.783,6.699,10000,149273.783
Linux,pipe,latency,64,10000,2,0.067023,,,149202.513,6.702,10000,149202.513
Linux,pipe,latency,64,10000,3,0.067197,,,148816.167,6.720,10000,148816.167
Linux,pipe,operations,64,165052416,1,1.000027,165.048,157.402,,,2578944,2578874.370
Linux,pipe,operations,64,164855808,2,1.000053,164.847,157.210,,,2575872,2575735.486
Linux,pipe,operations,64,164954112,3,1.000092,164.939,157.298,,,2577408,2577170.900
Linux,pair,throughput,65536,24717033472,1,2.000017,12358.412,11785.900,,,377152,188574.397
Linux,pair,throughput,65536,24745082880,2,2.000013,12372.461,11799.298,,,377580,188788.773
Linux,pair,throughput,65536,24973410304,3,2.000015,12486.612,11908.161,,,381064,190530.571
Linux,pair,latency,64,10000,1,0.065158,,,153473.096,6.516,10000,153473.096
Linux,pair,latency,64,10000,2,0.065757,,,152075.064,6.576,10000,152075.064
Linux,pair,latency,64,10000,3,0.065666,,,152285.810,6.567,10000,152285.810
Linux,pair,operations,64,96681984,1,1.000039,96.678,92.200,,,1510656,1510597.087
Linux,pair,operations,64,96714752,2,1.000098,96.705,92.225,,,1511168,1511019.920
Linux,pair,operations,64,96796672,3,1.000036,96.793,92.309,,,1512448,1512393.554
Linux,named,throughput,65536,24750325760,1,2.000012,12375.089,11801.804,,,377660,188828.867
Linux,named,throughput,65536,24580718592,2,2.000011,12290.292,11720.936,,,375072,187534.969
Linux,named,throughput,65536,24698159104,3,2.000020,12348.956,11776.882,,,376864,188430.116
Linux,named,latency,64,10000,1,0.067034,,,149178.029,6.703,10000,149178.029
Linux,named,latency,64,10000,2,0.066502,,,150371.417,6.650,10000,150371.417
Linux,named,latency,64,10000,3,0.069284,,,144333.468,6.928,10000,144333.468
Linux,named,operations,64,95977472,1,1.000126,95.965,91.520,,,1499648,1499459.068
Linux,named,operations,64,95698944,2,1.000060,95.693,91.260,,,1495296,1495206.288
Linux,named,operations,64,95535104,3,1.000025,95.533,91.107,,,1492736,1492698.683
